{"cameraMode":{"drawMode":0,"name":"Shaded","section":"Shading Mode"},"sceneLighting":true,"audioPlay":false,"sceneViewState":{"showFog":true,"showMaterialUpdate":false,"showSkybox":true,"showFlares":true,"showImageEffects":true,"showParticleSystems":true},"in2DMode":false,"pivot":{"x":1.6506547927856446,"y":1.6667211055755616,"z":-10.147558212280274},"rotation":{"x":0.019619865342974664,"y":-0.13753876090049745,"z":0.0027262342628091575,"w":0.9903045892715454},"size":1.4468578100204468,"orthographic":false}