{"cameraMode":{"drawMode":0,"name":"Shaded","section":"Shading Mode"},"sceneLighting":true,"audioPlay":false,"sceneViewState":{"showFog":true,"showMaterialUpdate":false,"showSkybox":true,"showFlares":true,"showImageEffects":true,"showParticleSystems":true},"in2DMode":false,"pivot":{"x":2.093031883239746,"y":1.5800411701202393,"z":-10.063621520996094},"rotation":{"x":0.03474004939198494,"y":-0.05993049591779709,"z":0.002088335109874606,"w":0.9976018071174622},"size":1.4468578100204468,"orthographic":false}