{"cameraMode":{"drawMode":0,"name":"Shaded","section":"Shading Mode"},"sceneLighting":true,"audioPlay":false,"sceneViewState":{"m_AlwaysRefresh":false,"showFog":true,"showSkybox":true,"showFlares":true,"showImageEffects":true,"showParticleSystems":true,"showVisualEffectGraphs":true,"m_FxEnabled":true},"in2DMode":false,"pivot":{"x":0.014784223400056363,"y":1.190492033958435,"z":18.674299240112306},"rotation":{"x":-0.16602368652820588,"y":0.006500850897282362,"z":-0.001126799383200705,"w":-0.98606276512146},"size":0.23714347183704377,"orthographic":false}