{"cameraMode":{"drawMode":0,"name":"Shaded","section":"Shading Mode"},"sceneLighting":true,"audioPlay":false,"sceneViewState":{"m_AlwaysRefresh":false,"showFog":true,"showSkybox":true,"showFlares":true,"showImageEffects":true,"showParticleSystems":true,"showVisualEffectGraphs":true,"m_FxEnabled":true},"in2DMode":false,"pivot":{"x":-0.20257294178009034,"y":0.43713662028312685,"z":20.376380920410158},"rotation":{"x":-0.2070009857416153,"y":-0.050209272652864459,"z":0.010626863688230515,"w":-0.9769009947776794},"size":1.2765353918075562,"orthographic":false}