{"cameraMode":{"drawMode":0,"name":"Shaded","section":"Shading Mode"},"sceneLighting":true,"audioPlay":false,"sceneViewState":{"m_AlwaysRefresh":false,"showFog":true,"showSkybox":true,"showFlares":true,"showImageEffects":true,"showParticleSystems":true,"showVisualEffectGraphs":true,"m_FxEnabled":true},"in2DMode":false,"pivot":{"x":2.9610652923583986,"y":-3.887312889099121,"z":29.03483009338379},"rotation":{"x":-0.14283126592636109,"y":-0.11492843180894852,"z":0.01671183668076992,"w":-0.9828945994377136},"size":18.310396194458009,"orthographic":false}